date,ts,total_batches,reached,pct,minutes,batches_per_min,size_class,regime
2026-08-21,2026-08-21 20:14:35,7747,7740,99.9,0.8,9094,mid 5k-25k,healthy
2026-08-21,2026-08-21 20:15:28,7977,7970,99.9,0.7,11649,mid 5k-25k,healthy
2026-08-21,2026-08-21 20:22:05,7747,7740,99.9,1.1,6922,mid 5k-25k,healthy
2026-08-21,2026-08-21 20:23:15,7747,7740,99.9,0.7,10786,mid 5k-25k,healthy
2026-08-21,2026-08-21 20:29:56,7747,7740,99.9,1.1,6821,mid 5k-25k,healthy
2026-08-21,2026-08-21 20:31:07,7747,7740,99.9,0.8,10083,mid 5k-25k,healthy
2026-08-21,2026-08-21 20:37:49,7747,7740,99.9,1.2,6626,mid 5k-25k,healthy
2026-08-21,2026-08-21 20:39:02,7747,7740,99.9,0.8,9662,mid 5k-25k,healthy
2026-08-21,2026-08-21 20:39:56,7748,7740,99.9,0.6,14055,mid 5k-25k,healthy
2026-08-21,2026-08-21 20:46:30,7747,7740,99.9,1.6,4831,mid 5k-25k,healthy
2026-08-21,2026-08-21 20:48:09,7747,7740,99.9,1.1,7362,mid 5k-25k,healthy
2026-08-21,2026-08-21 20:50:48,30996,30990,100.0,5.8,5388,large>=25k,healthy
2026-08-21,2026-08-21 20:56:42,30998,30990,100.0,3.9,7944,large>=25k,healthy
2026-08-21,2026-08-21 21:00:56,31216,31210,100.0,2.8,11345,large>=25k,healthy
2026-08-21,2026-08-21 21:03:51,31678,31670,100.0,1.1,27530,large>=25k,healthy
2026-08-21,2026-08-21 21:05:01,3903,3890,99.7,0.7,5414,small<5k,healthy
2026-08-21,2026-08-21 21:08:33,7747,7740,99.9,1.1,6922,mid 5k-25k,healthy
2026-08-21,2026-08-21 21:09:44,7747,7740,99.9,0.8,9662,mid 5k-25k,healthy
2026-08-21,2026-08-21 21:17:03,7747,7740,99.9,1.2,6626,mid 5k-25k,healthy
2026-08-21,2026-08-21 21:18:16,7747,7740,99.9,0.7,10541,mid 5k-25k,healthy
2026-08-21,2026-08-21 21:25:22,7747,7740,99.9,0.9,8589,mid 5k-25k,healthy
2026-08-21,2026-08-21 21:26:18,7747,7740,99.9,0.6,12205,mid 5k-25k,healthy
2026-08-21,2026-08-21 21:36:31,7747,7740,99.9,0.9,8589,mid 5k-25k,healthy
2026-08-21,2026-08-21 21:37:27,7747,7740,99.9,0.6,12205,mid 5k-25k,healthy
2026-08-21,2026-08-21 21:48:27,7747,7740,99.9,0.9,8433,mid 5k-25k,healthy
2026-08-21,2026-08-21 21:49:24,7747,7740,99.9,0.8,9662,mid 5k-25k,healthy
2026-08-21,2026-08-21 21:59:50,7747,7740,99.9,0.9,8137,mid 5k-25k,healthy
2026-08-21,2026-08-21 22:00:50,7747,7740,99.9,0.6,12205,mid 5k-25k,healthy
2026-08-21,2026-08-21 22:11:55,7747,7740,99.9,0.9,8137,mid 5k-25k,healthy
2026-08-21,2026-08-21 22:12:54,7747,7740,99.9,0.7,11595,mid 5k-25k,healthy
2026-08-21,2026-08-21 22:23:26,7747,7740,99.9,0.9,8433,mid 5k-25k,healthy
2026-08-21,2026-08-21 22:24:23,7747,7740,99.9,0.7,11892,mid 5k-25k,healthy
2026-08-21,2026-08-21 22:34:29,7747,7740,99.9,0.9,8282,mid 5k-25k,healthy
2026-08-21,2026-08-21 22:35:28,7747,7740,99.9,0.8,9868,mid 5k-25k,healthy
2026-08-21,2026-08-21 22:36:20,7747,7730,99.8,0.5,14475,mid 5k-25k,healthy
2026-08-21,2026-08-21 22:46:54,7747,7740,99.9,0.9,8589,mid 5k-25k,healthy
2026-08-21,2026-08-21 22:47:50,7747,7740,99.9,0.6,12883,mid 5k-25k,healthy
2026-08-21,2026-08-21 22:58:15,7747,7740,99.9,0.9,8589,mid 5k-25k,healthy
2026-08-21,2026-08-21 22:59:12,7747,7740,99.9,0.6,12883,mid 5k-25k,healthy
2026-08-21,2026-08-21 23:11:52,7747,7740,99.9,1.1,6821,mid 5k-25k,healthy
2026-08-21,2026-08-21 23:13:03,7747,7740,99.9,0.9,8919,mid 5k-25k,healthy
2026-08-21,2026-08-21 23:22:50,7747,7740,99.9,0.9,8282,mid 5k-25k,healthy
2026-08-21,2026-08-21 23:23:48,7747,7740,99.9,0.6,12883,mid 5k-25k,healthy
2026-08-21,2026-08-21 23:33:35,7747,7740,99.9,0.8,9094,mid 5k-25k,healthy
2026-08-21,2026-08-21 23:34:29,7747,7740,99.9,0.8,10083,mid 5k-25k,healthy
2026-08-21,2026-08-21 23:46:21,7747,7740,99.9,1.0,7481,mid 5k-25k,healthy
2026-08-21,2026-08-21 23:47:29,7747,7740,99.9,0.7,11312,mid 5k-25k,healthy
2026-08-21,2026-08-21 23:58:08,7747,7740,99.9,1.0,7603,mid 5k-25k,healthy
2026-08-21,2026-08-21 23:59:13,7747,7740,99.9,0.8,10307,mid 5k-25k,healthy
2026-08-22,2026-08-22 00:12:57,7747,7740,99.9,1.0,7603,mid 5k-25k,healthy
2026-08-22,2026-08-22 00:14:01,7747,7740,99.9,0.7,11892,mid 5k-25k,healthy
2026-08-22,2026-08-22 00:24:03,7747,7740,99.9,1.0,7861,mid 5k-25k,healthy
2026-08-22,2026-08-22 00:25:05,7747,7740,99.9,0.7,10541,mid 5k-25k,healthy
2026-08-22,2026-08-22 00:36:08,7747,7740,99.9,1.1,7362,mid 5k-25k,healthy
2026-08-22,2026-08-22 00:37:14,7747,7740,99.9,0.8,9276,mid 5k-25k,healthy
2026-08-22,2026-08-22 00:38:09,7747,7740,99.9,0.5,14494,mid 5k-25k,healthy
2026-08-22,2026-08-22 00:49:42,7747,7740,99.9,1.0,7861,mid 5k-25k,healthy
2026-08-22,2026-08-22 00:50:44,7747,7740,99.9,0.7,11892,mid 5k-25k,healthy
2026-08-22,2026-08-22 01:01:21,7747,7740,99.9,1.2,6626,mid 5k-25k,healthy
2026-08-22,2026-08-22 01:02:35,7747,7740,99.9,0.7,11892,mid 5k-25k,healthy
2026-08-22,2026-08-22 01:13:14,7747,7740,99.9,1.1,7362,mid 5k-25k,healthy
2026-08-22,2026-08-22 01:14:19,7747,7740,99.9,0.7,11595,mid 5k-25k,healthy
2026-08-22,2026-08-22 01:25:05,7747,7740,99.9,1.1,7362,mid 5k-25k,healthy
2026-08-22,2026-08-22 01:26:11,7747,7740,99.9,0.8,9662,mid 5k-25k,healthy
2026-08-22,2026-08-22 01:27:05,7747,7740,99.9,0.7,11312,mid 5k-25k,healthy
2026-08-22,2026-08-22 01:37:14,7747,7740,99.9,1.2,6353,mid 5k-25k,healthy
2026-08-22,2026-08-22 01:38:32,7747,7740,99.9,0.9,8433,mid 5k-25k,healthy
2026-08-22,2026-08-22 01:49:26,7747,7740,99.9,1.2,6184,mid 5k-25k,healthy
2026-08-22,2026-08-22 01:50:46,7747,7740,99.9,0.9,8919,mid 5k-25k,healthy
2026-08-22,2026-08-22 02:01:32,7747,7740,99.9,1.6,4781,mid 5k-25k,healthy
2026-08-22,2026-08-22 02:03:16,7747,7740,99.9,1.0,7861,mid 5k-25k,healthy
2026-08-22,2026-08-22 02:04:20,7747,7730,99.8,0.6,13234,mid 5k-25k,healthy
2026-08-22,2026-08-22 02:14:01,7747,7740,99.9,2.3,3361,mid 5k-25k,healthy
2026-08-22,2026-08-22 02:16:32,7747,7740,99.9,1.1,7135,mid 5k-25k,healthy
2026-08-22,2026-08-22 02:17:46,7747,7740,99.9,0.8,9868,mid 5k-25k,healthy
2026-08-22,2026-08-22 02:18:35,7747,7740,99.9,0.6,12205,mid 5k-25k,healthy
2026-08-22,2026-08-22 02:27:13,7747,7740,99.9,4.5,1731,mid 5k-25k,healthy
2026-08-22,2026-08-22 02:32:17,7747,7740,99.9,4.0,1932,mid 5k-25k,healthy
2026-08-22,2026-08-22 02:36:53,7747,7740,99.9,2.9,2666,mid 5k-25k,healthy
2026-08-22,2026-08-22 02:39:56,7747,7740,99.9,1.1,7135,mid 5k-25k,healthy
2026-08-22,2026-08-22 02:44:00,7747,7740,99.9,9.4,818,mid 5k-25k,healthy
2026-08-22,2026-08-22 02:54:02,7747,7740,99.9,11.4,675,mid 5k-25k,healthy
2026-08-22,2026-08-22 03:05:43,7747,7740,99.9,0.6,13641,mid 5k-25k,healthy
2026-08-22,2026-08-22 03:10:00,7747,7740,99.9,1.2,6268,mid 5k-25k,healthy
2026-08-22,2026-08-22 03:11:22,7747,7740,99.9,0.9,8137,mid 5k-25k,healthy
2026-08-22,2026-08-22 03:18:59,7747,7740,99.9,1.0,7481,mid 5k-25k,healthy
2026-08-22,2026-08-22 03:20:04,7747,7740,99.9,0.9,8137,mid 5k-25k,healthy
2026-08-22,2026-08-22 03:31:02,7747,7740,99.9,1.3,5798,mid 5k-25k,healthy
2026-08-22,2026-08-22 03:32:26,7747,7740,99.9,1.1,7362,mid 5k-25k,healthy
2026-08-22,2026-08-22 03:33:38,7747,7740,99.9,0.6,12535,mid 5k-25k,healthy
2026-08-22,2026-08-22 03:43:24,7747,7740,99.9,2.7,2899,mid 5k-25k,healthy
2026-08-22,2026-08-22 03:46:18,7747,7740,99.9,1.5,5041,mid 5k-25k,healthy
2026-08-22,2026-08-22 03:48:04,7747,7740,99.9,1.7,4547,mid 5k-25k,healthy
2026-08-22,2026-08-22 03:57:22,7747,7740,99.9,3.8,2034,mid 5k-25k,healthy
2026-08-22,2026-08-22 04:01:28,7747,7740,99.9,3.8,2061,mid 5k-25k,healthy
2026-08-22,2026-08-22 04:05:33,7747,7740,99.9,3.6,2157,mid 5k-25k,healthy
2026-08-22,2026-08-22 04:09:19,7747,7740,99.9,1.1,6922,mid 5k-25k,healthy
2026-08-22,2026-08-22 04:13:43,7747,7740,99.9,10.4,743,mid 5k-25k,healthy
2026-08-22,2026-08-22 04:24:10,7747,7740,99.9,0.6,13251,mid 5k-25k,healthy
2026-08-22,2026-08-22 04:58:56,30985,30760,99.3,717.6,43,large>=25k,COLLAPSE
2026-08-22,2026-08-22 16:59:40,30985,30870,99.6,5.8,9,large>=25k,COLLAPSE
2026-08-22,2026-08-22 17:05:46,7747,4390,56.7,0.5,8212,mid 5k-25k,healthy
2026-08-22,2026-08-22 17:06:58,7747,7740,99.9,0.5,11013,mid 5k-25k,healthy
2026-08-22,2026-08-22 17:08:16,30985,30980,100.0,12.0,6,large>=25k,COLLAPSE
2026-08-22,2026-08-22 17:22:42,30985,24770,79.9,602.6,41,large>=25k,COLLAPSE
2026-08-23,2026-08-23 04:11:10,7977,7970,99.9,0.9,9185,mid 5k-25k,healthy
2026-08-23,2026-08-23 04:12:04,7977,7970,99.9,0.7,12246,mid 5k-25k,healthy
2026-08-23,2026-08-23 04:17:30,7746,7740,99.9,1.1,6922,mid 5k-25k,healthy
2026-08-23,2026-08-23 04:18:39,7747,7740,99.9,0.8,10307,mid 5k-25k,healthy
2026-08-23,2026-08-23 04:25:18,7747,7740,99.9,1.2,6626,mid 5k-25k,healthy
2026-08-23,2026-08-23 04:26:30,7747,7740,99.9,0.8,10307,mid 5k-25k,healthy
2026-08-23,2026-08-23 04:33:05,7747,7740,99.9,1.1,6821,mid 5k-25k,healthy
2026-08-23,2026-08-23 04:34:16,7747,7740,99.9,0.8,10307,mid 5k-25k,healthy
2026-08-23,2026-08-23 04:41:58,7747,7740,99.9,1.6,4733,mid 5k-25k,healthy
2026-08-23,2026-08-23 04:43:39,7747,7740,99.9,0.7,10786,mid 5k-25k,healthy
2026-08-23,2026-08-23 04:44:48,30986,30720,99.1,5.1,5976,large>=25k,healthy
2026-08-23,2026-08-23 04:50:21,30987,30700,99.1,2.9,10644,large>=25k,healthy
2026-08-23,2026-08-23 04:53:38,31215,30570,97.9,1.9,15672,large>=25k,healthy
2026-08-23,2026-08-23 04:55:51,31908,31900,100.0,2.0,16079,large>=25k,healthy
2026-08-23,2026-08-23 04:57:51,3910,3900,99.7,0.8,5187,small<5k,healthy
2026-08-23,2026-08-23 05:06:07,7747,7740,99.9,1.2,6626,mid 5k-25k,healthy
2026-08-23,2026-08-23 05:07:20,7747,7740,99.9,0.6,12883,mid 5k-25k,healthy
2026-08-23,2026-08-23 05:13:58,7747,7740,99.9,1.1,7135,mid 5k-25k,healthy
2026-08-23,2026-08-23 05:15:06,7747,7740,99.9,0.7,10541,mid 5k-25k,healthy
2026-08-23,2026-08-23 05:22:26,7747,7740,99.9,0.9,8589,mid 5k-25k,healthy
2026-08-23,2026-08-23 05:23:23,7747,7740,99.9,0.7,11595,mid 5k-25k,healthy
2026-08-23,2026-08-23 05:33:32,7747,7740,99.9,0.9,8282,mid 5k-25k,healthy
2026-08-23,2026-08-23 05:34:30,7747,7740,99.9,0.7,10786,mid 5k-25k,healthy
2026-08-23,2026-08-23 05:45:28,7747,7740,99.9,0.9,8433,mid 5k-25k,healthy
2026-08-23,2026-08-23 05:46:26,7747,7740,99.9,0.7,11595,mid 5k-25k,healthy
2026-08-23,2026-08-23 05:56:49,7747,7740,99.9,0.9,8137,mid 5k-25k,healthy
2026-08-23,2026-08-23 05:57:48,7747,7740,99.9,0.7,11043,mid 5k-25k,healthy
2026-08-23,2026-08-23 06:10:04,7747,7740,99.9,1.0,7730,mid 5k-25k,healthy
2026-08-23,2026-08-23 06:11:07,7747,7740,99.9,0.7,10786,mid 5k-25k,healthy
2026-08-23,2026-08-23 06:21:34,7747,7740,99.9,0.9,8433,mid 5k-25k,healthy
2026-08-23,2026-08-23 06:22:31,7747,7740,99.9,0.7,11043,mid 5k-25k,healthy
2026-08-23,2026-08-23 06:33:09,7747,7740,99.9,1.1,7027,mid 5k-25k,healthy
2026-08-23,2026-08-23 06:34:17,7747,7740,99.9,0.8,10307,mid 5k-25k,healthy
2026-08-23,2026-08-23 06:46:08,7747,7740,99.9,1.0,7861,mid 5k-25k,healthy
2026-08-23,2026-08-23 06:47:10,7747,7740,99.9,0.7,11595,mid 5k-25k,healthy
2026-08-23,2026-08-23 06:57:52,7747,7740,99.9,0.9,8589,mid 5k-25k,healthy
2026-08-23,2026-08-23 06:58:48,7747,7740,99.9,0.7,11595,mid 5k-25k,healthy
2026-08-23,2026-08-23 06:59:33,7747,7740,99.9,0.5,15460,mid 5k-25k,healthy
2026-08-23,2026-08-23 07:11:16,7747,7740,99.9,1.0,7730,mid 5k-25k,healthy
2026-08-23,2026-08-23 07:12:19,7747,7740,99.9,0.7,11595,mid 5k-25k,healthy
2026-08-23,2026-08-23 07:22:59,7747,7740,99.9,1.1,7135,mid 5k-25k,healthy
2026-08-23,2026-08-23 07:24:06,7747,7740,99.9,0.7,11595,mid 5k-25k,healthy
2026-08-23,2026-08-23 07:35:07,7747,7740,99.9,1.2,6268,mid 5k-25k,healthy
2026-08-23,2026-08-23 07:36:23,7747,7740,99.9,0.7,11595,mid 5k-25k,healthy
2026-08-23,2026-08-23 07:48:14,7747,7740,99.9,1.0,7730,mid 5k-25k,healthy
2026-08-23,2026-08-23 07:49:16,7747,7740,99.9,0.7,11043,mid 5k-25k,healthy
2026-08-23,2026-08-23 07:59:58,7747,7740,99.9,1.0,7603,mid 5k-25k,healthy
2026-08-23,2026-08-23 08:01:02,7747,7740,99.9,0.7,10786,mid 5k-25k,healthy
2026-08-23,2026-08-23 08:01:50,7747,7740,99.9,0.5,14961,mid 5k-25k,healthy
2026-08-23,2026-08-23 08:15:11,7747,7740,99.9,1.0,7603,mid 5k-25k,healthy
2026-08-23,2026-08-23 08:16:15,7747,7740,99.9,0.8,10083,mid 5k-25k,healthy
2026-08-23,2026-08-23 08:17:06,7747,7740,99.9,0.6,13641,mid 5k-25k,healthy
2026-08-23,2026-08-23 08:26:36,7747,7740,99.9,1.1,7362,mid 5k-25k,healthy
2026-08-23,2026-08-23 08:27:42,7747,7740,99.9,0.9,8589,mid 5k-25k,healthy
2026-08-23,2026-08-23 08:38:57,7747,7740,99.9,2.4,3177,mid 5k-25k,healthy
2026-08-23,2026-08-23 08:41:33,7747,7740,99.9,0.9,8137,mid 5k-25k,healthy
2026-08-23,2026-08-23 08:53:20,7747,7740,99.9,1.3,5946,mid 5k-25k,healthy
2026-08-23,2026-08-23 08:54:43,7747,7740,99.9,0.8,9276,mid 5k-25k,healthy
2026-08-23,2026-08-23 09:05:27,7747,7740,99.9,1.1,7362,mid 5k-25k,healthy
2026-08-23,2026-08-23 09:06:34,7747,7740,99.9,0.9,8137,mid 5k-25k,healthy
2026-08-23,2026-08-23 09:07:37,7747,7740,99.9,0.6,14055,mid 5k-25k,healthy
2026-08-23,2026-08-23 09:17:35,7747,7740,99.9,1.5,5270,mid 5k-25k,healthy
2026-08-23,2026-08-23 09:19:10,7747,7740,99.9,0.9,8282,mid 5k-25k,healthy
2026-08-23,2026-08-23 09:20:12,7747,7740,99.9,0.5,14494,mid 5k-25k,healthy
2026-08-23,2026-08-23 09:30:04,7747,7740,99.9,1.9,4141,mid 5k-25k,healthy
2026-08-23,2026-08-23 09:32:07,7747,7740,99.9,1.3,6023,mid 5k-25k,healthy
2026-08-23,2026-08-23 09:33:34,7747,7740,99.9,0.6,12535,mid 5k-25k,healthy
2026-08-23,2026-08-23 09:42:57,7747,7740,99.9,3.1,2480,mid 5k-25k,healthy
2026-08-23,2026-08-23 09:46:16,7747,7740,99.9,1.3,5946,mid 5k-25k,healthy
2026-08-23,2026-08-23 09:47:40,7747,7740,99.9,1.0,7730,mid 5k-25k,healthy
2026-08-23,2026-08-23 09:56:36,7747,7740,99.9,4.8,1605,mid 5k-25k,healthy
2026-08-23,2026-08-23 10:02:00,7747,7740,99.9,3.7,2089,mid 5k-25k,healthy
2026-08-23,2026-08-23 10:06:07,7747,7740,99.9,3.0,2577,mid 5k-25k,healthy
2026-08-23,2026-08-23 10:09:16,7747,7740,99.9,1.1,6922,mid 5k-25k,healthy
2026-08-23,2026-08-23 10:13:53,7747,7740,99.9,9.5,815,mid 5k-25k,healthy
2026-08-23,2026-08-23 10:23:50,7747,7740,99.9,10.9,707,mid 5k-25k,healthy
2026-08-23,2026-08-23 10:38:43,7747,7740,99.9,1.0,7861,mid 5k-25k,healthy
2026-08-23,2026-08-23 10:39:45,7747,7740,99.9,0.6,12883,mid 5k-25k,healthy
2026-08-23,2026-08-23 10:47:21,7747,7740,99.9,1.0,7861,mid 5k-25k,healthy
2026-08-23,2026-08-23 10:48:23,7747,7740,99.9,0.7,11043,mid 5k-25k,healthy
2026-08-23,2026-08-23 10:59:01,7747,7740,99.9,1.4,5456,mid 5k-25k,healthy
2026-08-23,2026-08-23 11:00:30,7747,7740,99.9,0.7,11892,mid 5k-25k,healthy
2026-08-23,2026-08-23 11:01:13,7747,7740,99.9,0.5,15460,mid 5k-25k,healthy
2026-08-23,2026-08-23 11:11:10,7747,7740,99.9,1.1,7247,mid 5k-25k,healthy
2026-08-23,2026-08-23 11:12:16,7747,7740,99.9,0.7,10786,mid 5k-25k,healthy
2026-08-23,2026-08-23 11:13:04,7747,7740,99.9,0.5,15460,mid 5k-25k,healthy
2026-08-23,2026-08-23 11:23:05,7747,7740,99.9,1.6,4987,mid 5k-25k,healthy
2026-08-23,2026-08-23 11:24:46,7747,7740,99.9,1.1,7362,mid 5k-25k,healthy
2026-08-23,2026-08-23 11:25:58,7747,7740,99.9,0.5,15460,mid 5k-25k,healthy
2026-08-23,2026-08-23 11:35:22,7747,7740,99.9,1.1,7362,mid 5k-25k,healthy
2026-08-23,2026-08-23 11:36:27,7747,7740,99.9,0.6,12535,mid 5k-25k,healthy
2026-08-23,2026-08-23 11:47:01,7747,7740,99.9,1.2,6268,mid 5k-25k,healthy
2026-08-23,2026-08-23 11:48:21,7747,7740,99.9,0.7,11312,mid 5k-25k,healthy
2026-08-23,2026-08-23 11:59:03,7747,7740,99.9,0.9,8433,mid 5k-25k,healthy
2026-08-23,2026-08-23 12:00:01,7747,7740,99.9,1.0,7603,mid 5k-25k,healthy
2026-08-23,2026-08-23 12:16:41,7747,7740,99.9,0.9,8751,mid 5k-25k,healthy
2026-08-23,2026-08-23 12:17:36,7747,7740,99.9,0.7,10786,mid 5k-25k,healthy
2026-08-23,2026-08-23 12:58:45,30985,4070,13.1,108.0,38,large>=25k,COLLAPSE
2026-08-23,2026-08-23 15:19:14,7977,7970,99.9,0.8,9365,mid 5k-25k,healthy
2026-08-23,2026-08-23 15:20:07,7977,7970,99.9,0.6,14047,mid 5k-25k,healthy
2026-08-23,2026-08-23 15:25:46,7747,7740,99.9,1.1,7247,mid 5k-25k,healthy
2026-08-23,2026-08-23 15:26:53,7747,7740,99.9,0.8,10083,mid 5k-25k,healthy
2026-08-23,2026-08-23 15:27:44,7747,7740,99.9,0.5,15460,mid 5k-25k,healthy
2026-08-23,2026-08-23 15:33:36,7747,7740,99.9,1.1,7362,mid 5k-25k,healthy
2026-08-23,2026-08-23 15:34:42,7747,7740,99.9,0.7,11043,mid 5k-25k,healthy
2026-08-23,2026-08-23 15:41:21,7747,7740,99.9,1.2,6532,mid 5k-25k,healthy
2026-08-23,2026-08-23 15:42:35,7747,7740,99.9,0.8,10083,mid 5k-25k,healthy
2026-08-23,2026-08-23 15:50:01,7747,7740,99.9,1.9,4033,mid 5k-25k,healthy
2026-08-23,2026-08-23 15:51:59,7747,7740,99.9,1.1,7027,mid 5k-25k,healthy
2026-08-23,2026-08-23 15:53:09,7747,7740,99.9,0.6,12205,mid 5k-25k,healthy
2026-08-23,2026-08-23 15:54:41,30987,30980,100.0,7.7,4048,large>=25k,healthy
2026-08-23,2026-08-23 16:02:29,30987,30980,100.0,6.8,4588,large>=25k,healthy
2026-08-23,2026-08-23 16:09:35,31216,31210,100.0,3.3,9455,large>=25k,healthy
2026-08-23,2026-08-23 16:13:00,31908,31900,100.0,1.8,17717,large>=25k,healthy
2026-08-23,2026-08-23 16:14:49,3910,3900,99.7,0.7,5557,small<5k,healthy
2026-08-23,2026-08-23 16:22:58,7747,7740,99.9,1.2,6268,mid 5k-25k,healthy
2026-08-23,2026-08-23 16:24:15,7747,7740,99.9,0.8,10083,mid 5k-25k,healthy
2026-08-23,2026-08-23 16:30:38,7747,7740,99.9,1.4,5331,mid 5k-25k,healthy
2026-08-23,2026-08-23 16:32:12,7747,7740,99.9,0.8,9094,mid 5k-25k,healthy
2026-08-23,2026-08-23 16:33:07,7747,7740,99.9,0.6,14055,mid 5k-25k,healthy
2026-08-23,2026-08-23 16:42:34,7747,7740,99.9,1.3,5946,mid 5k-25k,healthy
2026-08-23,2026-08-23 16:43:56,7747,7740,99.9,0.7,11892,mid 5k-25k,healthy
2026-08-23,2026-08-23 16:54:49,7747,7740,99.9,1.4,5521,mid 5k-25k,healthy
2026-08-23,2026-08-23 16:56:16,7747,7740,99.9,0.9,8589,mid 5k-25k,healthy
2026-08-23,2026-08-23 16:57:16,7747,7740,99.9,0.6,12535,mid 5k-25k,healthy
2026-08-23,2026-08-23 17:07:11,7747,7740,99.9,1.1,7247,mid 5k-25k,healthy
2026-08-23,2026-08-23 17:08:19,7747,7740,99.9,0.8,9465,mid 5k-25k,healthy
2026-08-23,2026-08-23 17:21:08,7747,7740,99.9,1.0,7603,mid 5k-25k,healthy
2026-08-23,2026-08-23 17:22:12,7747,7740,99.9,0.8,9868,mid 5k-25k,healthy
2026-08-23,2026-08-23 17:32:48,7747,7740,99.9,1.1,7247,mid 5k-25k,healthy
2026-08-23,2026-08-23 17:33:55,7747,7740,99.9,0.8,10083,mid 5k-25k,healthy
2026-08-23,2026-08-23 17:45:04,7747,7740,99.9,1.0,7730,mid 5k-25k,healthy
2026-08-23,2026-08-23 17:46:07,7747,7740,99.9,0.7,11595,mid 5k-25k,healthy
2026-08-23,2026-08-23 17:57:45,7747,7740,99.9,1.1,7362,mid 5k-25k,healthy
2026-08-23,2026-08-23 17:58:50,7747,7740,99.9,0.8,10307,mid 5k-25k,healthy
2026-08-23,2026-08-23 17:59:40,7747,7740,99.9,0.6,12535,mid 5k-25k,healthy
2026-08-23,2026-08-23 18:09:46,7747,7740,99.9,1.1,7135,mid 5k-25k,healthy
2026-08-23,2026-08-23 18:10:54,7747,7740,99.9,0.7,11312,mid 5k-25k,healthy
2026-08-23,2026-08-23 18:24:08,7747,7740,99.9,1.0,7481,mid 5k-25k,healthy
2026-08-23,2026-08-23 18:25:12,7747,7740,99.9,0.7,10786,mid 5k-25k,healthy
2026-08-23,2026-08-23 18:36:06,7747,7740,99.9,0.9,8589,mid 5k-25k,healthy
2026-08-23,2026-08-23 18:37:01,7747,7740,99.9,0.6,12535,mid 5k-25k,healthy
2026-08-23,2026-08-23 20:08:37,7977,7970,99.9,1.0,8234,mid 5k-25k,healthy
2026-08-23,2026-08-23 20:09:38,7977,7970,99.9,0.7,12246,mid 5k-25k,healthy
2026-08-23,2026-08-23 20:15:09,7746,7740,99.9,1.2,6268,mid 5k-25k,healthy
2026-08-23,2026-08-23 20:16:26,7747,7740,99.9,0.9,8282,mid 5k-25k,healthy
2026-08-23,2026-08-23 20:17:28,7747,7740,99.9,0.6,14055,mid 5k-25k,healthy
2026-08-23,2026-08-23 20:23:03,7747,7740,99.9,1.3,5946,mid 5k-25k,healthy
2026-08-23,2026-08-23 20:24:24,7747,7740,99.9,0.9,8751,mid 5k-25k,healthy
2026-08-23,2026-08-23 20:25:23,7747,7740,99.9,0.6,13641,mid 5k-25k,healthy
2026-08-23,2026-08-23 20:30:54,7747,7740,99.9,1.4,5726,mid 5k-25k,healthy
2026-08-23,2026-08-23 20:32:18,7747,7740,99.9,0.9,8751,mid 5k-25k,healthy
2026-08-23,2026-08-23 20:33:16,7747,7740,99.9,0.6,13251,mid 5k-25k,healthy
2026-08-23,2026-08-23 20:40:05,7747,7740,99.9,1.9,4033,mid 5k-25k,healthy
2026-08-23,2026-08-23 20:42:03,7747,7740,99.9,1.4,5588,mid 5k-25k,healthy
2026-08-23,2026-08-23 20:43:32,7747,7440,96.0,0.8,9907,mid 5k-25k,healthy
2026-08-23,2026-08-23 20:44:22,30987,30870,99.6,7.7,3997,large>=25k,healthy
2026-08-23,2026-08-23 20:52:36,30996,30650,98.9,7.3,4188,large>=25k,healthy
2026-08-23,2026-08-23 21:00:27,31216,30610,98.1,4.2,7200,large>=25k,healthy
2026-08-23,2026-08-23 21:05:02,31908,31900,100.0,2.2,14606,large>=25k,healthy
2026-08-23,2026-08-23 21:07:14,3910,3910,100.0,0.8,4680,small<5k,healthy
2026-08-23,2026-08-23 21:13:48,7747,7740,99.9,1.2,6184,mid 5k-25k,healthy
2026-08-23,2026-08-23 21:15:06,7747,7740,99.9,0.8,10307,mid 5k-25k,healthy
2026-08-23,2026-08-23 21:15:57,7747,7740,99.9,0.6,14055,mid 5k-25k,healthy
2026-08-23,2026-08-23 21:22:17,7747,7740,99.9,1.3,5871,mid 5k-25k,healthy
2026-08-23,2026-08-23 21:23:39,7747,7740,99.9,1.0,7861,mid 5k-25k,healthy
2026-08-23,2026-08-23 21:24:43,7747,7740,99.9,0.7,11043,mid 5k-25k,healthy
2026-08-23,2026-08-23 21:30:28,7747,7740,99.9,1.2,6353,mid 5k-25k,healthy
2026-08-23,2026-08-23 21:31:44,7747,7740,99.9,0.8,9868,mid 5k-25k,healthy
2026-08-23,2026-08-23 22:01:05,7747,7740,99.9,1.1,7247,mid 5k-25k,healthy
2026-08-23,2026-08-23 22:02:22,7747,7740,99.9,1.4,5331,mid 5k-25k,healthy
2026-08-23,2026-08-23 22:04:03,7747,7740,99.9,0.6,13641,mid 5k-25k,healthy
2026-08-23,2026-08-23 22:16:52,7747,7740,99.9,1.1,6922,mid 5k-25k,healthy
2026-08-23,2026-08-23 22:18:01,7747,7740,99.9,0.9,8751,mid 5k-25k,healthy
2026-08-23,2026-08-23 22:30:36,7747,7740,99.9,1.2,6532,mid 5k-25k,healthy
2026-08-23,2026-08-23 22:31:50,7747,7740,99.9,0.8,9868,mid 5k-25k,healthy
2026-08-23,2026-08-23 22:42:15,7747,7740,99.9,1.2,6353,mid 5k-25k,healthy
2026-08-23,2026-08-23 22:43:31,7747,7740,99.9,0.8,9868,mid 5k-25k,healthy
2026-08-23,2026-08-23 22:44:24,7747,7740,99.9,0.5,14494,mid 5k-25k,healthy
2026-08-23,2026-08-23 22:53:14,7747,7740,99.9,1.2,6626,mid 5k-25k,healthy
2026-08-23,2026-08-23 22:54:27,7747,7740,99.9,0.8,9465,mid 5k-25k,healthy
2026-08-23,2026-08-23 23:06:08,7747,7740,99.9,1.1,7027,mid 5k-25k,healthy
2026-08-23,2026-08-23 23:07:18,7747,7740,99.9,0.9,8919,mid 5k-25k,healthy
2026-08-23,2026-08-23 23:08:15,7747,7740,99.9,0.5,14961,mid 5k-25k,healthy
2026-08-23,2026-08-23 23:17:54,7747,7740,99.9,1.1,7362,mid 5k-25k,healthy
2026-08-23,2026-08-23 23:18:59,7747,7740,99.9,0.7,10541,mid 5k-25k,healthy
2026-08-23,2026-08-23 23:32:16,7747,7740,99.9,1.1,6821,mid 5k-25k,healthy
2026-08-23,2026-08-23 23:33:28,7747,7740,99.9,0.8,9662,mid 5k-25k,healthy
2026-08-23,2026-08-23 23:34:21,7747,7740,99.9,0.5,14961,mid 5k-25k,healthy
2026-08-23,2026-08-23 23:43:57,7747,7740,99.9,1.1,7362,mid 5k-25k,healthy
2026-08-23,2026-08-23 23:45:03,7747,7740,99.9,0.8,9868,mid 5k-25k,healthy
2026-08-23,2026-08-23 23:55:15,7747,7740,99.9,1.2,6353,mid 5k-25k,healthy
2026-08-23,2026-08-23 23:56:32,7747,7740,99.9,0.8,9276,mid 5k-25k,healthy
2026-08-24,2026-08-24 00:08:28,7747,7740,99.9,1.1,7362,mid 5k-25k,healthy
2026-08-24,2026-08-24 00:09:34,7747,7740,99.9,0.7,10541,mid 5k-25k,healthy
2026-08-24,2026-08-24 00:20:06,7747,7740,99.9,1.1,7362,mid 5k-25k,healthy
2026-08-24,2026-08-24 00:21:12,7747,7740,99.9,0.9,8433,mid 5k-25k,healthy
2026-08-24,2026-08-24 00:22:17,7747,7740,99.9,0.5,15460,mid 5k-25k,healthy
2026-08-24,2026-08-24 00:35:15,7747,7740,99.9,1.1,7135,mid 5k-25k,healthy
2026-08-24,2026-08-24 00:36:22,7747,7740,99.9,0.9,8919,mid 5k-25k,healthy
2026-08-24,2026-08-24 00:46:59,7747,7740,99.9,1.1,7362,mid 5k-25k,healthy
2026-08-24,2026-08-24 00:48:05,7747,7740,99.9,0.8,9276,mid 5k-25k,healthy
2026-08-24,2026-08-24 00:58:26,7747,7740,99.9,1.1,7362,mid 5k-25k,healthy
2026-08-24,2026-08-24 00:59:31,7747,7740,99.9,0.9,8751,mid 5k-25k,healthy
2026-08-24,2026-08-24 01:11:51,7747,7740,99.9,1.3,5946,mid 5k-25k,healthy
2026-08-24,2026-08-24 01:13:17,7747,7740,99.9,0.8,9276,mid 5k-25k,healthy
2026-08-24,2026-08-24 01:23:41,7747,7740,99.9,1.1,7247,mid 5k-25k,healthy
2026-08-24,2026-08-24 01:24:47,7747,7740,99.9,0.8,9465,mid 5k-25k,healthy
2026-08-24,2026-08-24 01:35:25,7747,7740,99.9,1.4,5331,mid 5k-25k,healthy
2026-08-24,2026-08-24 01:36:55,7747,7740,99.9,1.1,6821,mid 5k-25k,healthy
2026-08-24,2026-08-24 01:38:09,7747,7740,99.9,0.6,14055,mid 5k-25k,healthy
2026-08-24,2026-08-24 01:47:32,7747,7740,99.9,1.2,6268,mid 5k-25k,healthy
2026-08-24,2026-08-24 01:48:50,7747,7740,99.9,0.8,10083,mid 5k-25k,healthy
2026-08-24,2026-08-24 01:49:41,7747,7740,99.9,0.6,13641,mid 5k-25k,healthy
2026-08-24,2026-08-24 01:59:27,7747,7740,99.9,1.6,4987,mid 5k-25k,healthy
2026-08-24,2026-08-24 02:01:10,7747,7740,99.9,1.0,7861,mid 5k-25k,healthy
2026-08-24,2026-08-24 02:02:15,7747,7740,99.9,0.6,13251,mid 5k-25k,healthy
2026-08-24,2026-08-24 02:11:36,7747,7740,99.9,1.5,5211,mid 5k-25k,healthy
2026-08-24,2026-08-24 02:13:10,7747,7740,99.9,1.0,7603,mid 5k-25k,healthy
2026-08-24,2026-08-24 02:14:16,7747,7740,99.9,0.6,13251,mid 5k-25k,healthy
2026-08-24,2026-08-24 02:23:48,7747,7740,99.9,1.6,4831,mid 5k-25k,healthy
2026-08-24,2026-08-24 02:25:29,7747,7740,99.9,1.0,7603,mid 5k-25k,healthy
2026-08-24,2026-08-24 02:26:35,7747,7740,99.9,0.6,12205,mid 5k-25k,healthy
2026-08-24,2026-08-24 02:36:03,7747,7740,99.9,2.5,3051,mid 5k-25k,healthy
2026-08-24,2026-08-24 02:38:41,7747,7740,99.9,2.2,3487,mid 5k-25k,healthy
2026-08-24,2026-08-24 02:41:03,7747,7740,99.9,2.0,3865,mid 5k-25k,healthy
2026-08-24,2026-08-24 02:49:52,7747,7740,99.9,2.1,3740,mid 5k-25k,healthy
2026-08-24,2026-08-24 02:52:03,7747,7740,99.9,1.4,5456,mid 5k-25k,healthy
2026-08-24,2026-08-24 02:53:35,7747,7740,99.9,0.8,9465,mid 5k-25k,healthy
2026-08-24,2026-08-24 02:54:26,7747,7740,99.9,0.5,15460,mid 5k-25k,healthy
2026-08-24,2026-08-24 03:02:42,7747,7740,99.9,3.1,2480,mid 5k-25k,healthy
2026-08-24,2026-08-24 03:05:56,7747,7740,99.9,2.5,3031,mid 5k-25k,healthy
2026-08-24,2026-08-24 03:08:39,7747,7740,99.9,2.0,3802,mid 5k-25k,healthy
2026-08-24,2026-08-24 03:17:07,7747,7740,99.9,2.8,2728,mid 5k-25k,healthy
2026-08-24,2026-08-24 03:20:08,7747,7740,99.9,2.9,2635,mid 5k-25k,healthy
2026-08-24,2026-08-24 03:23:17,7747,7740,99.9,1.8,4335,mid 5k-25k,healthy
2026-08-24,2026-08-24 03:25:10,7747,7740,99.9,0.6,14055,mid 5k-25k,healthy
2026-08-24,2026-08-24 03:31:23,7747,7740,99.9,3.7,2108,mid 5k-25k,healthy
2026-08-24,2026-08-24 03:35:16,7747,7740,99.9,3.5,2241,mid 5k-25k,healthy
2026-08-24,2026-08-24 03:38:55,7747,7740,99.9,3.4,2307,mid 5k-25k,healthy
2026-08-24,2026-08-24 03:42:20,7747,7740,99.9,0.9,8919,mid 5k-25k,healthy
2026-08-24,2026-08-24 03:47:08,7747,7740,99.9,3.5,2188,mid 5k-25k,healthy
2026-08-24,2026-08-24 03:50:51,7747,7740,99.9,3.4,2251,mid 5k-25k,healthy
2026-08-24,2026-08-24 03:54:26,7747,7740,99.9,2.7,2899,mid 5k-25k,healthy
2026-08-24,2026-08-24 03:57:10,7747,7740,99.9,0.6,12205,mid 5k-25k,healthy
2026-08-24,2026-08-24 04:02:20,7747,7740,99.9,1.2,6353,mid 5k-25k,healthy
2026-08-24,2026-08-24 04:03:36,7747,7740,99.9,1.0,7730,mid 5k-25k,healthy
2026-08-24,2026-08-24 04:04:42,7747,7740,99.9,0.5,15460,mid 5k-25k,healthy
2026-08-24,2026-08-24 04:14:16,7747,7740,99.9,1.5,5097,mid 5k-25k,healthy
2026-08-24,2026-08-24 04:15:54,7747,7740,99.9,0.8,9094,mid 5k-25k,healthy
2026-08-24,2026-08-24 04:16:50,7747,7740,99.9,0.5,15460,mid 5k-25k,healthy
2026-08-24,2026-08-24 04:31:55,7747,7740,99.9,6.7,1151,mid 5k-25k,healthy
2026-08-24,2026-08-24 04:56:11,7747,7740,99.9,2.7,2863,mid 5k-25k,healthy
2026-08-24,2026-08-24 04:59:08,30985,7490,24.2,114.0,66,large>=25k,COLLAPSE
2026-08-24,2026-08-24 07:25:26,7747,7740,99.9,1.2,6626,mid 5k-25k,healthy
2026-08-24,2026-08-24 07:26:37,7978,7970,99.9,1.1,7581,mid 5k-25k,healthy
2026-08-24,2026-08-24 07:27:47,7978,7970,99.9,0.9,9011,mid 5k-25k,healthy
2026-08-24,2026-08-24 07:33:16,7747,7740,99.9,1.7,4547,mid 5k-25k,healthy
2026-08-24,2026-08-24 07:35:01,7747,7740,99.9,1.2,6184,mid 5k-25k,healthy
2026-08-24,2026-08-24 07:36:23,7977,7970,99.9,0.9,9185,mid 5k-25k,healthy
2026-08-24,2026-08-24 07:41:16,7747,7740,99.9,1.8,4417,mid 5k-25k,healthy
2026-08-24,2026-08-24 07:43:05,7747,7740,99.9,1.3,6023,mid 5k-25k,healthy
2026-08-24,2026-08-24 07:44:27,7757,7750,99.9,0.9,8931,mid 5k-25k,healthy
2026-08-24,2026-08-24 07:49:43,7747,7740,99.9,1.8,4375,mid 5k-25k,healthy
2026-08-24,2026-08-24 07:51:33,7747,7740,99.9,1.3,6103,mid 5k-25k,healthy
2026-08-24,2026-08-24 07:52:55,7748,7740,99.9,0.9,8919,mid 5k-25k,healthy
2026-08-24,2026-08-24 07:57:59,7747,7740,99.9,1.6,4733,mid 5k-25k,healthy
2026-08-24,2026-08-24 07:59:40,7747,7740,99.9,1.3,6103,mid 5k-25k,healthy
2026-08-24,2026-08-24 08:01:03,7747,7740,99.9,1.3,5946,mid 5k-25k,healthy
2026-08-24,2026-08-24 08:05:26,30996,30990,100.0,14.7,2110,large>=25k,degraded
2026-08-24,2026-08-24 08:20:17,31006,31000,100.0,11.9,2612,large>=25k,degraded
2026-08-24,2026-08-24 08:32:37,31446,30780,97.9,9.4,3279,large>=25k,healthy
2026-08-24,2026-08-24 08:42:32,7747,7740,99.9,1.2,5643,mid 5k-25k,healthy
2026-08-24,2026-08-24 08:43:49,31678,31380,99.1,2.4,12892,large>=25k,healthy
2026-08-24,2026-08-24 08:46:20,7747,7620,98.4,1.0,7647,mid 5k-25k,healthy
2026-08-24,2026-08-24 08:48:40,7747,7440,96.0,0.5,13645,mid 5k-25k,healthy
2026-08-24,2026-08-24 08:52:22,7747,7740,99.9,2.0,3865,mid 5k-25k,healthy
2026-08-24,2026-08-24 08:54:25,7747,7740,99.9,1.3,6023,mid 5k-25k,healthy
2026-08-24,2026-08-24 08:55:48,7747,7740,99.9,0.8,9662,mid 5k-25k,healthy
2026-08-24,2026-08-24 08:58:16,7747,7740,99.9,1.6,4987,mid 5k-25k,healthy
2026-08-24,2026-08-24 08:59:53,7747,7740,99.9,1.2,6184,mid 5k-25k,healthy
2026-08-24,2026-08-24 09:01:14,7747,7740,99.9,0.8,9662,mid 5k-25k,healthy
2026-08-24,2026-08-24 09:10:00,7747,7740,99.9,1.6,4685,mid 5k-25k,healthy
2026-08-24,2026-08-24 09:11:42,7747,7740,99.9,1.3,5946,mid 5k-25k,healthy
2026-08-24,2026-08-24 09:13:06,7747,7740,99.9,0.8,9465,mid 5k-25k,healthy
2026-08-24,2026-08-24 09:23:21,7747,7740,99.9,1.6,4987,mid 5k-25k,healthy
2026-08-24,2026-08-24 09:24:57,7747,7740,99.9,1.1,6821,mid 5k-25k,healthy
2026-08-24,2026-08-24 09:26:10,7747,7740,99.9,0.9,8589,mid 5k-25k,healthy
2026-08-24,2026-08-24 09:35:30,7747,7740,99.9,1.7,4547,mid 5k-25k,healthy
2026-08-24,2026-08-24 09:37:16,7747,7740,99.9,1.2,6626,mid 5k-25k,healthy
2026-08-24,2026-08-24 09:38:31,7747,7740,99.9,0.8,9662,mid 5k-25k,healthy
2026-08-24,2026-08-24 09:49:57,7747,7740,99.9,1.6,4987,mid 5k-25k,healthy
2026-08-24,2026-08-24 09:51:33,7747,7740,99.9,1.2,6442,mid 5k-25k,healthy
2026-08-24,2026-08-24 09:52:51,7747,7740,99.9,0.8,9094,mid 5k-25k,healthy
2026-08-24,2026-08-24 10:02:05,7747,7740,99.9,1.6,4733,mid 5k-25k,healthy
2026-08-24,2026-08-24 10:03:46,7747,7740,99.9,1.2,6626,mid 5k-25k,healthy
2026-08-24,2026-08-24 10:05:01,7747,7740,99.9,0.9,8919,mid 5k-25k,healthy
2026-08-24,2026-08-24 10:14:03,7747,7740,99.9,1.5,5041,mid 5k-25k,healthy
2026-08-24,2026-08-24 10:15:38,7747,7740,99.9,1.2,6626,mid 5k-25k,healthy
2026-08-24,2026-08-24 10:16:53,7747,7740,99.9,0.8,9465,mid 5k-25k,healthy
2026-08-24,2026-08-24 10:27:35,7747,7740,99.9,1.5,5041,mid 5k-25k,healthy
2026-08-24,2026-08-24 10:29:10,7747,7740,99.9,1.3,5946,mid 5k-25k,healthy
2026-08-24,2026-08-24 10:30:33,7747,7740,99.9,0.8,9465,mid 5k-25k,healthy
2026-08-24,2026-08-24 10:39:46,7747,7740,99.9,1.6,4934,mid 5k-25k,healthy
2026-08-24,2026-08-24 10:41:23,7747,7740,99.9,1.2,6442,mid 5k-25k,healthy
2026-08-24,2026-08-24 10:42:41,7747,7740,99.9,0.8,9276,mid 5k-25k,healthy
2026-08-24,2026-08-24 10:54:47,7747,7740,99.9,1.6,4934,mid 5k-25k,healthy
2026-08-24,2026-08-24 10:56:25,7747,7740,99.9,1.2,6353,mid 5k-25k,healthy
2026-08-24,2026-08-24 10:57:43,7747,7740,99.9,0.9,8751,mid 5k-25k,healthy
2026-08-24,2026-08-24 11:06:56,7747,7740,99.9,1.6,4934,mid 5k-25k,healthy
2026-08-24,2026-08-24 11:08:33,7747,7740,99.9,1.2,6353,mid 5k-25k,healthy
2026-08-24,2026-08-24 11:09:51,7747,7740,99.9,0.8,9662,mid 5k-25k,healthy
2026-08-24,2026-08-24 11:18:45,7747,7740,99.9,1.5,5211,mid 5k-25k,healthy
2026-08-24,2026-08-24 11:20:17,7747,7740,99.9,1.3,5871,mid 5k-25k,healthy
2026-08-24,2026-08-24 11:21:41,7747,7740,99.9,0.8,9465,mid 5k-25k,healthy
2026-08-24,2026-08-24 11:32:25,7747,7740,99.9,1.6,4781,mid 5k-25k,healthy
2026-08-24,2026-08-24 11:34:06,7747,7740,99.9,1.1,6821,mid 5k-25k,healthy
2026-08-24,2026-08-24 11:35:19,7747,7740,99.9,0.8,9094,mid 5k-25k,healthy
2026-08-24,2026-08-24 11:44:18,7747,7740,99.9,1.5,5041,mid 5k-25k,healthy
2026-08-24,2026-08-24 11:45:54,7747,7740,99.9,1.2,6268,mid 5k-25k,healthy
2026-08-24,2026-08-24 11:47:13,7747,7740,99.9,0.8,9276,mid 5k-25k,healthy
2026-08-24,2026-08-24 11:59:58,7747,7740,99.9,1.5,5041,mid 5k-25k,healthy
2026-08-24,2026-08-24 12:01:33,7747,7740,99.9,1.1,6722,mid 5k-25k,healthy
2026-08-24,2026-08-24 12:02:47,7747,7740,99.9,0.9,8751,mid 5k-25k,healthy
2026-08-24,2026-08-24 12:12:17,7747,7740,99.9,1.8,4294,mid 5k-25k,healthy
2026-08-24,2026-08-24 12:14:09,7747,7740,99.9,1.1,6821,mid 5k-25k,healthy
2026-08-24,2026-08-24 12:15:22,7747,7740,99.9,0.8,9094,mid 5k-25k,healthy
2026-08-24,2026-08-24 12:24:34,7747,7740,99.9,1.7,4503,mid 5k-25k,healthy
2026-08-24,2026-08-24 12:26:21,7747,7740,99.9,1.1,6722,mid 5k-25k,healthy
2026-08-24,2026-08-24 12:27:36,7747,7740,99.9,0.9,8589,mid 5k-25k,healthy
2026-08-24,2026-08-24 12:38:24,7747,7740,99.9,1.6,4934,mid 5k-25k,healthy
2026-08-24,2026-08-24 12:40:02,7747,7740,99.9,1.2,6442,mid 5k-25k,healthy
2026-08-24,2026-08-24 12:41:20,7747,7740,99.9,0.8,9662,mid 5k-25k,healthy
2026-08-24,2026-08-24 12:50:48,7747,7740,99.9,1.6,4934,mid 5k-25k,healthy
2026-08-24,2026-08-24 12:52:26,7747,7740,99.9,1.2,6442,mid 5k-25k,healthy
2026-08-24,2026-08-24 12:53:44,7747,7740,99.9,0.8,9662,mid 5k-25k,healthy
2026-08-24,2026-08-24 13:02:47,7747,7740,99.9,1.5,5153,mid 5k-25k,healthy
2026-08-24,2026-08-24 13:04:20,7747,7740,99.9,1.2,6442,mid 5k-25k,healthy
2026-08-24,2026-08-24 13:05:37,7747,7740,99.9,0.8,9868,mid 5k-25k,healthy
2026-08-24,2026-08-24 13:15:07,7747,7740,99.9,1.6,4934,mid 5k-25k,healthy
2026-08-24,2026-08-24 13:16:44,7747,7740,99.9,1.1,6722,mid 5k-25k,healthy
2026-08-24,2026-08-24 13:17:58,7747,7740,99.9,0.9,8919,mid 5k-25k,healthy
2026-08-24,2026-08-24 13:27:24,7747,7740,99.9,1.7,4460,mid 5k-25k,healthy
2026-08-24,2026-08-24 13:29:11,7747,7740,99.9,1.1,6722,mid 5k-25k,healthy
2026-08-24,2026-08-24 13:30:26,7747,7740,99.9,0.9,8919,mid 5k-25k,healthy
2026-08-24,2026-08-24 13:39:43,7747,7740,99.9,1.6,4882,mid 5k-25k,healthy
2026-08-24,2026-08-24 13:41:21,7747,7740,99.9,1.1,6821,mid 5k-25k,healthy
2026-08-24,2026-08-24 13:42:34,7747,7740,99.9,0.9,8919,mid 5k-25k,healthy
2026-08-24,2026-08-24 13:51:55,7747,7740,99.9,1.5,5153,mid 5k-25k,healthy
2026-08-24,2026-08-24 13:53:29,7747,7740,99.9,1.2,6442,mid 5k-25k,healthy
2026-08-24,2026-08-24 13:54:46,7747,7740,99.9,0.8,9662,mid 5k-25k,healthy
2026-08-24,2026-08-24 14:04:15,7747,7740,99.9,1.6,4934,mid 5k-25k,healthy
2026-08-24,2026-08-24 14:05:52,7747,7740,99.9,1.1,6722,mid 5k-25k,healthy
2026-08-24,2026-08-24 14:07:07,7747,7740,99.9,0.9,8919,mid 5k-25k,healthy
2026-08-24,2026-08-24 14:16:27,7747,7740,99.9,1.6,4934,mid 5k-25k,healthy
2026-08-24,2026-08-24 14:18:05,7747,7740,99.9,1.2,6442,mid 5k-25k,healthy
2026-08-24,2026-08-24 14:19:22,7747,7740,99.9,0.8,9276,mid 5k-25k,healthy
2026-08-24,2026-08-24 14:28:51,7747,7740,99.9,1.6,4934,mid 5k-25k,healthy
2026-08-24,2026-08-24 14:30:28,7747,7740,99.9,1.1,6722,mid 5k-25k,healthy
2026-08-24,2026-08-24 14:31:43,7747,7740,99.9,0.9,8751,mid 5k-25k,healthy
2026-08-24,2026-08-24 14:41:08,7747,7740,99.9,1.6,4831,mid 5k-25k,healthy
2026-08-24,2026-08-24 14:42:47,7747,7740,99.9,1.2,6442,mid 5k-25k,healthy
2026-08-24,2026-08-24 14:44:04,7747,7740,99.9,0.8,9276,mid 5k-25k,healthy
2026-08-24,2026-08-24 14:53:29,7747,7740,99.9,1.6,4934,mid 5k-25k,healthy
2026-08-24,2026-08-24 14:55:06,7747,7740,99.9,1.1,6722,mid 5k-25k,healthy
2026-08-24,2026-08-24 14:56:20,7747,7740,99.9,0.8,9094,mid 5k-25k,healthy
2026-08-24,2026-08-24 15:05:44,7747,7740,99.9,1.6,4781,mid 5k-25k,healthy
2026-08-24,2026-08-24 15:07:24,7747,7740,99.9,1.2,6268,mid 5k-25k,healthy
2026-08-24,2026-08-24 15:08:43,7747,7740,99.9,0.9,8433,mid 5k-25k,healthy
2026-08-24,2026-08-24 15:18:11,7747,7740,99.9,1.6,4685,mid 5k-25k,healthy
2026-08-24,2026-08-24 15:19:54,7747,7740,99.9,1.2,6268,mid 5k-25k,healthy
2026-08-24,2026-08-24 15:21:14,7747,7740,99.9,0.9,8751,mid 5k-25k,healthy
2026-08-24,2026-08-24 15:30:36,7747,7740,99.9,1.6,4934,mid 5k-25k,healthy
2026-08-24,2026-08-24 15:32:12,7747,7740,99.9,1.2,6268,mid 5k-25k,healthy
2026-08-24,2026-08-24 15:33:32,7747,7740,99.9,0.8,9276,mid 5k-25k,healthy
